pair_id,original,corrupted,original_correct,corrupted_incorrect,edits_valid,reviewer,notes
7e621807b4de3f6d7b622293,Dat vraagt om goede afspraken tussen werkgever en werknemer.,Dat varagt om goede afspraken tussen werkgever en werknemer.,yes,yes,yes,codex/gpt-6 (agent inspection; not native-speaker gold),Inspected original and edit; no additional source error identified. The injected spelling or agreement change is invalid in this context.
e824bdf32dc83352e32f8c39,"Eenheden uit andere landen, die in grote colonnes met civiele vrachtwagens over vaste routes rijden, worden wel aangegrepen.","Eenheden uit andere landen, die in grote colonnes met civiele vrachhtwagens over vaste routes rijden, worden wel aangegrepen.",yes,yes,yes,codex/gpt-6 (agent inspection; not native-speaker gold),Inspected original and edit; no additional source error identified. The injected spelling or agreement change is invalid in this context.
07abbaca6ad0071d7f04da48,Dit jaar ontvangt Defensie een eerste kleine serie.,Dit jaar ontvangt Defensie een eerste keline serie.,yes,yes,yes,codex/gpt-6 (agent inspection; not native-speaker gold),Inspected original and edit; no additional source error identified. The injected spelling or agreement change is invalid in this context.
2733509749f7594b3f89d40a,Daardoor kwam er ook een stuk urgentie bij.,Daardoor kwam er ook een stuk urgenite bij.,yes,yes,yes,codex/gpt-6 (agent inspection; not native-speaker gold),Inspected original and edit; no additional source error identified. The injected spelling or agreement change is invalid in this context.
bf5e81ea21e042050627ba53,In de eeuwen erna breidde de Zuiderzee zich steeds verder uit.,In de eeuwen erna breidde de Zuiderzee zich stteeds verder uit.,yes,yes,yes,codex/gpt-6 (agent inspection; not native-speaker gold),Inspected original and edit; no additional source error identified. The injected spelling or agreement change is invalid in this context.
45f2e5f3253cbb50b12f8a9d,Zo kan de patiënt twee (of meer) ziektes hebben.,Zo kan de patiënt twee (of meer) ziekktes hebben.,yes,yes,yes,codex/gpt-6 (agent inspection; not native-speaker gold),Inspected original and edit; no additional source error identified. The injected spelling or agreement change is invalid in this context.
f7090cbee6f85bffc35c72de,"Het is onderdeel van een veel uitgebreidere circulatie in de Atlantische Oceaan, waarbij water rond Groenland afkoelt, naar diepere lagen zakt en daarna zuidwaarts stroomt.","Het is onderdeel van een veel uitgebreidere circulatie in de Atlantische Oceaan, waarbij waetr rond Groenland afkoelt, naar diepere lagen zakt en daarna zuidwaarts stroomt.",yes,yes,yes,codex/gpt-6 (agent inspection; not native-speaker gold),Inspected original and edit; no additional source error identified. The injected spelling or agreement change is invalid in this context.
9b6c6e6d3055d0e4e271997c,De ruimte werd verwarmd met een open haardvuur in een rijk gedecoreerde schouw.,De ruimte werd verwarmd met een open haardvuur in een rijk gedecoreerde shcouw.,yes,yes,yes,codex/gpt-6 (agent inspection; not native-speaker gold),Inspected original and edit; no additional source error identified. The injected spelling or agreement change is invalid in this context.
589674ed388420d1f808490c,"Jesse Schevel heeft van oktober 2019 tot maart 2020 stage gelopen op de afdeling Landbouw, Natuur en Voedselkwaliteit van de Nederlandse ambassade in Berlijn.","Jesse Schevel heeft van oktober 2019 tot maart 2020 stage gelopen op de afdelnig Landbouw, Natuur en Voedselkwaliteit van de Nederlandse ambassade in Berlijn.",yes,yes,yes,codex/gpt-6 (agent inspection; not native-speaker gold),Inspected original and edit; no additional source error identified. The injected spelling or agreement change is invalid in this context.
c05a0d24e8acf34386068d9c,Dat betekent dat in Stad van de Zon over twintig jaar alleen nog maar mensen wonen die niets of minder hebben meegekregen van de ambities en doelen rond energie en water.,Dat betekent dat in Stad van de Zon over twintig jaar alleen nog maar mensen wonen die niets of minder hebben meegekregen van de ambities en deolen rond energie en water.,yes,yes,yes,codex/gpt-6 (agent inspection; not native-speaker gold),Inspected original and edit; no additional source error identified. The injected spelling or agreement change is invalid in this context.
1c1f590d580441c214550483,"Ze vertellen over schietpartijen, mishandelingen, verloren familie en beschadigde kinderen.","Ze vertellen over schietpartijen, mishandelingen, verloren fammilie en beschadigde kinderen.",yes,yes,yes,codex/gpt-6 (agent inspection; not native-speaker gold),Inspected original and edit; no additional source error identified. The injected spelling or agreement change is invalid in this context.
84a13446d576cf704f94a07f,"Daarnaast ligt de focus nu op advisering aan de directie en coaching van de zorgmedewerkers, zodat het personeel de processen straks over kan nemen als wij weg zijn.","Daarnaast ligt de focus nu op advisering aan de directie en coaching van de zorgmedewerkers, zodat het personneel de processen straks over kan nemen als wij weg zijn.",yes,yes,yes,codex/gpt-6 (agent inspection; not native-speaker gold),Inspected original and edit; no additional source error identified. The injected spelling or agreement change is invalid in this context.
4069dbb4e877a992b5f023f8,Dat maakt dat de beperkende maatregelen van de lockdown voor hen extra zwaar.,Dat maakt dat de beperkende maatregelen van de lockdown voor hen exrta zwaar.,erroneous,yes,yes,codex/gpt-6 (agent inspection; not native-speaker gold),Dat maakt dat de ... zwaar lacks the subordinate finite verb zijn (or should omit the second dat).
e2876fec1e51198f7a78f7ce,Een onderdeel van hun aanpak richt zich op het voorkomen van voedselverspilling.,Een onedrdeel van hun aanpak richt zich op het voorkomen van voedselverspilling.,yes,yes,yes,codex/gpt-6 (agent inspection; not native-speaker gold),Inspected original and edit; no additional source error identified. The injected spelling or agreement change is invalid in this context.
4278ae93d01e00af734f6858,"Te lang is gedacht dat regie hierop niet nodig is, en dat de markt als vanzelf vraag en aanbod in evenwicht zou brengen.","Te lang is gedacht dat regie hierop niet noidg is, en dat de markt als vanzelf vraag en aanbod in evenwicht zou brengen.",yes,yes,yes,codex/gpt-6 (agent inspection; not native-speaker gold),Inspected original and edit; no additional source error identified. The injected spelling or agreement change is invalid in this context.
b9ca37676e43409856de1379,Je werkt nauw samen met collega's en ketenpartners om bij te dragen aan de veiligheid van Caribisch Nederland.,Je werkt nauw samen met collega's en ketenpartners om bij te drragen aan de veiligheid van Caribisch Nederland.,yes,yes,yes,codex/gpt-6 (agent inspection; not native-speaker gold),Inspected original and edit; no additional source error identified. The injected spelling or agreement change is invalid in this context.
2b2280e3a1a76d57ebdd7aec,"Als je ergens aan begint, en je hebt deskundigheid, dan ben je altijd geneigd om te kijken hoe je het zelf beter kan uitleggen.","Als je errgens aan begint, en je hebt deskundigheid, dan ben je altijd geneigd om te kijken hoe je het zelf beter kan uitleggen.",yes,yes,yes,codex/gpt-6 (agent inspection; not native-speaker gold),Inspected original and edit; no additional source error identified. The injected spelling or agreement change is invalid in this context.
70d6bebe349e0816e4097cad,"Daarom wordt het stelsel een dwingend, waarbij verhuurders verplicht worden de maximale huurprijzen te respecteren.","Daarom wordt het setlsel een dwingend, waarbij verhuurders verplicht worden de maximale huurprijzen te respecteren.",erroneous,yes,yes,codex/gpt-6 (agent inspection; not native-speaker gold),het stelsel een dwingend is malformed: the article een has no following noun.
399ffa51591e8659f4628395,Daarom beoordeelt de Algemene Rekenkamer de rechtmatigheid van deze transactie als onzeker.,Daarom beoordeelt de Algemene Rekenkamer de rechtmatigheid van deze trnasactie als onzeker.,yes,yes,yes,codex/gpt-6 (agent inspection; not native-speaker gold),Inspected original and edit; no additional source error identified. The injected spelling or agreement change is invalid in this context.
e7c8008bf6d9fbe8d8a0f9e1,Je geeft rechtstreeks leiding aan 2 afdelingshoofden en aan de bedrijfscontroller.,Je geefft rechtstreeks leiding aan 2 afdelingshoofden en aan de bedrijfscontroller.,yes,yes,yes,codex/gpt-6 (agent inspection; not native-speaker gold),Inspected original and edit; no additional source error identified. The injected spelling or agreement change is invalid in this context.
67d7fd84a06598a8b569553e,"Deze ligt , aan de achterzijde van het pand met daarnaast een berghok.","Deze ligt , aan de achterzijde van het pand met daarnaast een bergohk.",erroneous,yes,yes,codex/gpt-6 (agent inspection; not native-speaker gold),"Extraneous space/comma in Deze ligt , aan ... ."
04651e4751f44cdf2455d25d,"Daar heb je gewoon iemand voor nodig die dat even programmeert en het erin zetten, en even gewoon.","Daar heb je gewoon iemand voor nodig die dat even programmeerrt en het erin zetten, en even gewoon.",erroneous,yes,yes,codex/gpt-6 (agent inspection; not native-speaker gold),"Malformed transcript: die ... programmeert en het erin zetten, en even gewoon has broken coordination and an unfinished ending."
d0072c0a249cee1fb5a8dad7,"Omdat het zware materieel niet verplaatst hoefde te worden, is de rest van de voertuigen dit keer per trein vervoerd in plaats van de boot.","Omdat het zwrae materieel niet verplaatst hoefde te worden, is de rest van de voertuigen dit keer per trein vervoerd in plaats van de boot.",yes,yes,yes,codex/gpt-6 (agent inspection; not native-speaker gold),Inspected original and edit; no additional source error identified. The injected spelling or agreement change is invalid in this context.
478463b3e5aaf9d301e05ec7,"Voor het beleid lijken strengere normen de beste weg, in Europa of nog liever mondiaal.","Voor het beleid lijken srtengere normen de beste weg, in Europa of nog liever mondiaal.",yes,yes,yes,codex/gpt-6 (agent inspection; not native-speaker gold),Inspected original and edit; no additional source error identified. The injected spelling or agreement change is invalid in this context.
1e5784d6c3fcdac3805ef4e6,Ik woon en werk in een wit land en in een wit werkveld.,Ik woon en werk in een wit land en in een wit werrkveld.,yes,yes,yes,codex/gpt-6 (agent inspection; not native-speaker gold),Inspected original and edit; no additional source error identified. The injected spelling or agreement change is invalid in this context.
d896cb2c9231e8c9242d6d1f,"Het gaat dan om snelheid, betrouwbaarheid, kwaliteit en om levering van een compleet assortiment.","Het gaat dan om snelhheid, betrouwbaarheid, kwaliteit en om levering van een compleet assortiment.",yes,yes,yes,codex/gpt-6 (agent inspection; not native-speaker gold),Inspected original and edit; no additional source error identified. The injected spelling or agreement change is invalid in this context.
f0f4233ae682ec5baf6f50be,Ook zorgen ze gezamenlijk voor het trainen en opleiden van vliegers en vliegende eenheden.,Ook zorgen ze gezzamenlijk voor het trainen en opleiden van vliegers en vliegende eenheden.,yes,yes,yes,codex/gpt-6 (agent inspection; not native-speaker gold),Inspected original and edit; no additional source error identified. The injected spelling or agreement change is invalid in this context.
9fced31d671875b4581f2cb5,"De eerste Tracker landt al op 19 juni 1963 op de nieuwe baan, nog voor de officiële opening.","De eerste Tracker landt al op 19 juni 1963 op de niuewe baan, nog voor de officiële opening.",yes,yes,yes,codex/gpt-6 (agent inspection; not native-speaker gold),Inspected original and edit; no additional source error identified. The injected spelling or agreement change is invalid in this context.
43862bbb456f980dd31c2f72,"Een enkele boerderij telde slechts drie woonvertrekken, inclusief de keuken.","Een enkele boerderij tlede slechts drie woonvertrekken, inclusief de keuken.",yes,yes,yes,codex/gpt-6 (agent inspection; not native-speaker gold),Inspected original and edit; no additional source error identified. The injected spelling or agreement change is invalid in this context.
c265b748363aa080988cc4f5,Alle gemeenten in de regio moeten bovendien gaan bijdragen aan de huisvesting van deze groepen in de regio en daar onderling afspraken over maken.,Alle gemeenten in de reigo moeten bovendien gaan bijdragen aan de huisvesting van deze groepen in de regio en daar onderling afspraken over maken.,yes,yes,yes,codex/gpt-6 (agent inspection; not native-speaker gold),Inspected original and edit; no additional source error identified. The injected spelling or agreement change is invalid in this context.
f50a9c5d66fbed01844218af,Ook kunnen beschikbare budgetten effectiever worden ingezet door deze samen te voegen.,Ook kunnen beschikkbare budgetten effectiever worden ingezet door deze samen te voegen.,yes,yes,yes,codex/gpt-6 (agent inspection; not native-speaker gold),Inspected original and edit; no additional source error identified. The injected spelling or agreement change is invalid in this context.
9241290d337fd2a7f296f000,"Bijna alle neerslag begint als sneeuw en zodra de vlokken door warmere luchtlagen vallen smelten ze, en valt de neerslag als regen.","Bijna alle neerslag begint als sneeuw en zodra de vlokken door warmere luchtllagen vallen smelten ze, en valt de neerslag als regen.",yes,yes,yes,codex/gpt-6 (agent inspection; not native-speaker gold),Inspected original and edit; no additional source error identified. The injected spelling or agreement change is invalid in this context.
657e5d6f13f2ac9f19bde224,Een kleine groep asielzoekers maakt hier misbruik van en zorgt voor overlast of criminaliteit.,Een kleine groep asielzoekers maakt hier misbruik van en zorgt voor overrlast of criminaliteit.,yes,yes,yes,codex/gpt-6 (agent inspection; not native-speaker gold),Inspected original and edit; no additional source error identified. The injected spelling or agreement change is invalid in this context.
442a5bd810c5168aadb7c078,"Er waren nog wel personen die zich als jihadist afficheerden, maar zij raakten geïsoleerd en vonden nauwelijks aansluiting bij internationale netwerken of bij jihadisten in Somalië en Pakistan.","Er waren nog wel personen die zich als jihadist afficheerden, maar zij raakten geïsoleerd en vonnden nauwelijks aansluiting bij internationale netwerken of bij jihadisten in Somalië en Pakistan.",yes,yes,yes,codex/gpt-6 (agent inspection; not native-speaker gold),Inspected original and edit; no additional source error identified. The injected spelling or agreement change is invalid in this context.
15c6ecfabed5ced40d115227,"Ik wist niet hoe, maar zeker was dat er na 1 jaar een plan zou liggen waarmee we het jaar erop aan de slag zouden gaan.","Ik wist niet hoe, maar zeker was dat er na 1 jaar een plan zou ligegn waarmee we het jaar erop aan de slag zouden gaan.",yes,yes,yes,codex/gpt-6 (agent inspection; not native-speaker gold),Inspected original and edit; no additional source error identified. The injected spelling or agreement change is invalid in this context.
17d3945f07ec85ce2996efdb,"Zonder autorisatie mag u die stoffen niet produceren, gebruiken of verhandelen.","Zonder autorisatie mag u die stoffen niet proudceren, gebruiken of verhandelen.",yes,yes,yes,codex/gpt-6 (agent inspection; not native-speaker gold),Inspected original and edit; no additional source error identified. The injected spelling or agreement change is invalid in this context.
4c964245e41cdd69a31bfdcf,"Als u eenmaal bij het BRP bent uitgeschreven, dan kunt u geen auto meer op uw naam in Nederland laten zetten.","Als u eenmaal bij het BRP bent uitgescrheven, dan kunt u geen auto meer op uw naam in Nederland laten zetten.",yes,yes,yes,codex/gpt-6 (agent inspection; not native-speaker gold),Inspected original and edit; no additional source error identified. The injected spelling or agreement change is invalid in this context.
2d5dde962ffc2867772eb5ec,De grondwettelijke zorg voor voldoende woningen wordt daarnaast verankerd in de Omgevingswet.,De grondwettelijke zorg voor voldoende woningen wordt daarnnaast verankerd in de Omgevingswet.,yes,yes,yes,codex/gpt-6 (agent inspection; not native-speaker gold),Inspected original and edit; no additional source error identified. The injected spelling or agreement change is invalid in this context.
135311eaf7beba960f742b68,De focus van de Oekraïners ligt daarbij op misdrijven die door de Russen worden begaan.,De focus van de Oekraïners ligt daarrbij op misdrijven die door de Russen worden begaan.,yes,yes,yes,codex/gpt-6 (agent inspection; not native-speaker gold),Inspected original and edit; no additional source error identified. The injected spelling or agreement change is invalid in this context.
5b95d9e5c82e33a1097b76b1,Het is vrijdag 5 januari als een groot deel van Nederland nog uitbuikt van Kerstmis en oud en nieuw.,Het is vrijdag 5 januari als een groot deel van Nederland nog uitbuikt van Kerstmis en oud en niuew.,yes,yes,yes,codex/gpt-6 (agent inspection; not native-speaker gold),Inspected original and edit; no additional source error identified. The injected spelling or agreement change is invalid in this context.
8e2b4e65c12bf6ad12a7505f,Het personeel werkt in het overzeese deel van het koninkrijk verder aan de operationele gereedstelling van het systeem.,Het personeel werkt in het overzeese deel van het koninkrijk verder aan de operationele gereedstelling van de systeem.,yes,yes,yes,codex/gpt-6 (agent inspection; not native-speaker gold),Inspected original and edit; no additional source error identified. The injected spelling or agreement change is invalid in this context.
7fef197c7dac5bb7ffe75c8a,De training werd afgesloten met twee demodagen die door de cursisten zelf georganiseerd werden en ruim 900 bezoekers trokken.,De training werd afgelsoten met twee demodagen die door de cursisten zelf georganiseerd werden en ruim 900 bezoekers trokken.,yes,yes,yes,codex/gpt-6 (agent inspection; not native-speaker gold),Inspected original and edit; no additional source error identified. The injected spelling or agreement change is invalid in this context.
11218e8ec02b4c645961b4bd,Daarin praten topambtenaren en publieke bestuurders openhartig over hoe ze binnen knellende bureaucratische systemen zichzelf proberen te zijn.,Daarin praten topambtenaren en publieke bestuurders oppenhartig over hoe ze binnen knellende bureaucratische systemen zichzelf proberen te zijn.,yes,yes,yes,codex/gpt-6 (agent inspection; not native-speaker gold),Inspected original and edit; no additional source error identified. The injected spelling or agreement change is invalid in this context.
7e62b27315902424e64c7712,Door het afsmelten van de ijskappen steeg de zeespiegel en steeg in samenhang daarmee de grondwaterspiegel.,Door het afsmelten van de ijskkappen steeg de zeespiegel en steeg in samenhang daarmee de grondwaterspiegel.,yes,yes,yes,codex/gpt-6 (agent inspection; not native-speaker gold),Inspected original and edit; no additional source error identified. The injected spelling or agreement change is invalid in this context.
8095e2ce87bba0ed1848aa38,In de risico-inventarisatie en -evaluatie (RI&E) moeten de risico's worden beschreven die zich kunnen voordoen bij of door de opslag van gevaarlijke stoffen.,In de risico-inventarisatie en -evaluatie (RI&E) moeten de risico's worden beschreevn die zich kunnen voordoen bij of door de opslag van gevaarlijke stoffen.,yes,yes,yes,codex/gpt-6 (agent inspection; not native-speaker gold),Inspected original and edit; no additional source error identified. The injected spelling or agreement change is invalid in this context.
7e2a8b5e57788ddd364e7640,"Zoals ik al zei, is niets doen geen optie.","Zoals ik al zei, is niets doen geen otpie.",yes,yes,yes,codex/gpt-6 (agent inspection; not native-speaker gold),Inspected original and edit; no additional source error identified. The injected spelling or agreement change is invalid in this context.
169f0c8ea5d2b758a377ebb6,"Over hoe je regio's aanstuurt en inricht, voor je medewerkers zorgt en wat je gewonde collega's kunt bieden.","Over hoe je regio's aanstuurt en inricht, voor je meddewerkers zorgt en wat je gewonde collega's kunt bieden.",erroneous,yes,yes,codex/gpt-6 (agent inspection; not native-speaker gold),Standalone Over hoe ... phrase has no independent main clause; fails the complete-sentence source contract.
d6581bdd0c328f4f40e6ec82,Zij rapporteren aan de directeur DCS en vormen met de directeur het Management Team van DCS.,Zij rapportteren aan de directeur DCS en vormen met de directeur het Management Team van DCS.,yes,yes,yes,codex/gpt-6 (agent inspection; not native-speaker gold),Inspected original and edit; no additional source error identified. The injected spelling or agreement change is invalid in this context.
8f87e2df6eb8e31112d527b3,Op een gegeven moment zag ik de groep op afstand in de mensenmassa staan.,Op een gegeven moment zag ik de groep op afstnad in de mensenmassa staan.,yes,yes,yes,codex/gpt-6 (agent inspection; not native-speaker gold),Inspected original and edit; no additional source error identified. The injected spelling or agreement change is invalid in this context.
6481d151d073a0423a69f08a,Alle drie vertrekken waren daar tevens voorzien van bedsteden.,Alle drie vertrekken waren daar tevens vorozien van bedsteden.,yes,yes,yes,codex/gpt-6 (agent inspection; not native-speaker gold),Inspected original and edit; no additional source error identified. The injected spelling or agreement change is invalid in this context.
6f6e8ac625778c61d218b654,"Door wat zoekfilters heen, kwam ik uiteindelijk bij de Nederlandse Emissieautoriteit terecht.","Door wat zoekfilters heen, kwam ik utieindelijk bij de Nederlandse Emissieautoriteit terecht.",yes,yes,yes,codex/gpt-6 (agent inspection; not native-speaker gold),Inspected original and edit; no additional source error identified. The injected spelling or agreement change is invalid in this context.
4c34f9c189915b5555e568c9,Geef ik die die eindgebruiker die ambtenaar de keuze tussen een telefoon en een losse simkaart die je eigen telefoon kan drukken.,Geef ik die die eindgebruiker die ambtenaar de keuze tussen een telefoon en een losse simkkaart die je eigen telefoon kan drukken.,erroneous,yes,yes,codex/gpt-6 (agent inspection; not native-speaker gold),Malformed transcript with repeated die and missing in in die je eigen telefoon kan drukken; standalone inverted clause ends in a full stop.
a6916ccfc54bad6819c0c4f8,De resultaten kunnen zelfs per centimeter behoorlijk verschillen.,Het resultaten kunnen zelfs per centimeter behoorlijk verschillen.,yes,yes,yes,codex/gpt-6 (agent inspection; not native-speaker gold),Inspected original and edit; no additional source error identified. The injected spelling or agreement change is invalid in this context.
aa2b799093e1f3005438aa2d,De arts had gedurende twee jaar in totaal negen gesprekken met patiënte.,De arts had gedurende twee jaar in totaal negen gessprekken met patiënte.,yes,yes,yes,codex/gpt-6 (agent inspection; not native-speaker gold),Inspected original and edit; no additional source error identified. The injected spelling or agreement change is invalid in this context.
f239b99d097d2d5498917a85,Europese landen hebben afgesproken dat er 1 Europees systeem voor coronabewijzen moet zijn.,Europese ladnen hebben afgesproken dat er 1 Europees systeem voor coronabewijzen moet zijn.,yes,yes,yes,codex/gpt-6 (agent inspection; not native-speaker gold),Inspected original and edit; no additional source error identified. The injected spelling or agreement change is invalid in this context.
45f6a2b2872d562a436a566d,Uw inzichten verschijnen in een essay speciaal voor het College van Rijksadviseurs.,Uw inzichten verschijnnen in een essay speciaal voor het College van Rijksadviseurs.,yes,yes,yes,codex/gpt-6 (agent inspection; not native-speaker gold),Inspected original and edit; no additional source error identified. The injected spelling or agreement change is invalid in this context.
aad068b561a6cac5fbf77532,Ze liggen hoger in het landschap en houden warmte beter vast.,Ze liggen hoger in het landschap en houden warmte bteer vast.,yes,yes,yes,codex/gpt-6 (agent inspection; not native-speaker gold),Inspected original and edit; no additional source error identified. The injected spelling or agreement change is invalid in this context.
5042f327b1f5a7531b3d7cb0,"Behalve de nu afgesloten overeenkomst, heeft Nederland die al met Canada, België en Luxemburg.","Behalve de nu afgesloten overeenkomsst, heeft Nederland die al met Canada, België en Luxemburg.",yes,yes,yes,codex/gpt-6 (agent inspection; not native-speaker gold),Inspected original and edit; no additional source error identified. The injected spelling or agreement change is invalid in this context.
e033baf12a2cfbf875d77932,De komende maanden volgen hiervan nog een aantal sessies.,De komende maanden volgen hirevan nog een aantal sessies.,yes,yes,yes,codex/gpt-6 (agent inspection; not native-speaker gold),Inspected original and edit; no additional source error identified. The injected spelling or agreement change is invalid in this context.
f463c2a90f66872ae3df8337,Daarnaast organiseert KOOP eind oktober een aantal algemene sessies waar alle bestuursorganen terecht kunnen met vragen.,Daarnaast organiseert KOOP eind oktober een aantal algemenne sessies waar alle bestuursorganen terecht kunnen met vragen.,yes,yes,yes,codex/gpt-6 (agent inspection; not native-speaker gold),Inspected original and edit; no additional source error identified. The injected spelling or agreement change is invalid in this context.
6fa5da3323323cc1a23e127f,Burgers waarderen die openheid en media pakken er makkelijker berichten van mee.,Burgers waarderen die openheid en meida pakken er makkelijker berichten van mee.,yes,yes,yes,codex/gpt-6 (agent inspection; not native-speaker gold),Inspected original and edit; no additional source error identified. The injected spelling or agreement change is invalid in this context.
0174c29975d5b691e30da018,"Alles bij elkaar leidt dit tot publicaties, praktische tips en online trainingen waar gemeenten mee aan de slag kunnen.","Alles bij elkaar liedt dit tot publicaties, praktische tips en online trainingen waar gemeenten mee aan de slag kunnen.",yes,yes,yes,codex/gpt-6 (agent inspection; not native-speaker gold),Inspected original and edit; no additional source error identified. The injected spelling or agreement change is invalid in this context.
a54ad6fbf61940a33bf553f4,Naast productieverhoging is vermindering van de postharvest verliezen noodzakelijk om de wereldbevolking op termijn te kunnen voeden.,Naast productieverhoging is vermindeirng van de postharvest verliezen noodzakelijk om de wereldbevolking op termijn te kunnen voeden.,uncertain,yes,yes,codex/gpt-6 (agent inspection; not native-speaker gold),"postharvest verliezen may be an incorrectly separated Dutch compound, but the status of postharvest as a borrowed technical adjective needs adjudication."
7a82e3687766e9463876cbaf,"Er worden vaak consortia gevormd met partijen uit onverwachte hoeken, dat is echt interessant.","Er worden vaak consortia gevormd met partijen uit onverwachte hoeken, dat is echt intteressant.",yes,yes,yes,codex/gpt-6 (agent inspection; not native-speaker gold),Inspected original and edit; no additional source error identified. The injected spelling or agreement change is invalid in this context.
1639a678117374d0f1e12a8c,Het doel van het project sluit volledig aan bij de doelen van Waterschap Rijnland.,Het doel van het proejct sluit volledig aan bij de doelen van Waterschap Rijnland.,yes,yes,yes,codex/gpt-6 (agent inspection; not native-speaker gold),Inspected original and edit; no additional source error identified. The injected spelling or agreement change is invalid in this context.
e13d6beb047a24e1b4fd8603,"Op 25 maart bracht hij een digitaal werkbezoek aan vrouwengevangenis Ter Peel in het Limburgse Evertsoord, samen met Gerard Bakker, de directeur van de Dienst Justitiële Inrichtingen.","Op 25 maart bracht hij een digitaal werkbezeok aan vrouwengevangenis Ter Peel in het Limburgse Evertsoord, samen met Gerard Bakker, de directeur van de Dienst Justitiële Inrichtingen.",yes,yes,yes,codex/gpt-6 (agent inspection; not native-speaker gold),Inspected original and edit; no additional source error identified. The injected spelling or agreement change is invalid in this context.
e3f6e9e8d67640b34131e498,"Daarom wordt voor impact vaak een abstracte term gekozen, die iedere organisatie voor zichzelf concreet moet maken.","Daarom wordt voor impact vaak een abstracte term gekozen, die iedere organisatie voor zichzelf concreet moet mkaen.",yes,yes,yes,codex/gpt-6 (agent inspection; not native-speaker gold),Inspected original and edit; no additional source error identified. The injected spelling or agreement change is invalid in this context.
a0e4f8256965c4919819b647,"Andere bedreigingen zijn vuilstort, lozing van afvalwater en eutrofiëring.","Andere berdeigingen zijn vuilstort, lozing van afvalwater en eutrofiëring.",yes,yes,yes,codex/gpt-6 (agent inspection; not native-speaker gold),Inspected original and edit; no additional source error identified. The injected spelling or agreement change is invalid in this context.
0ea06c30b25a11c4850788b9,"Liever zien wij als GGD diezelfde snelheidsverlaging juist bij bebouwing, waar dit meer gezondheidsverbetering geeft.","Liever zien wij als GGD diezelfde snelheidsverlaging juist bij bebouiwng, waar dit meer gezondheidsverbetering geeft.",yes,yes,yes,codex/gpt-6 (agent inspection; not native-speaker gold),Inspected original and edit; no additional source error identified. The injected spelling or agreement change is invalid in this context.
bdabedc9801dd1f12fb48374,In dit eerste artikel leg ik uit wat risico precies is en in een volgend artikel licht ik toe op welke manieren je met een risico om kan gaan.,In dit eerste artikel leg ik uit wat risico precies is en in een volgend artikel liccht ik toe op welke manieren je met een risico om kan gaan.,yes,yes,yes,codex/gpt-6 (agent inspection; not native-speaker gold),Inspected original and edit; no additional source error identified. The injected spelling or agreement change is invalid in this context.
fb51924870c73a0a2ef3b53e,In 1 van de dalen ligt net buiten het plaatsje High Wycombe de RAF-basis.,In 1 van de dalen ligt net buiten het pllaatsje High Wycombe de RAF-basis.,yes,yes,yes,codex/gpt-6 (agent inspection; not native-speaker gold),Inspected original and edit; no additional source error identified. The injected spelling or agreement change is invalid in this context.
9915c369024906f75e5de2a1,In een enkel geval werd de hulp definitief geweigerd of wilde de stembureaumedewerker de hulp alleen zelf verlenen.,In een enkel geval werd de hulp defintiief geweigerd of wilde de stembureaumedewerker de hulp alleen zelf verlenen.,yes,yes,yes,codex/gpt-6 (agent inspection; not native-speaker gold),Inspected original and edit; no additional source error identified. The injected spelling or agreement change is invalid in this context.
503ce219c172170a0080a9f5,Dit geldt zowel voor de medewerker als voor de partner en gezinsleden.,Dit geldt zowel voor de mdeewerker als voor de partner en gezinsleden.,yes,yes,yes,codex/gpt-6 (agent inspection; not native-speaker gold),Inspected original and edit; no additional source error identified. The injected spelling or agreement change is invalid in this context.
d65829e74b5f57564cb72c63,De laatste bijeenkomst vond online plaats op dinsdag 2 februari.,De laatste bijeenkomst vond online pllaats op dinsdag 2 februari.,yes,yes,yes,codex/gpt-6 (agent inspection; not native-speaker gold),Inspected original and edit; no additional source error identified. The injected spelling or agreement change is invalid in this context.
64621bfb8248f0d5cf0a3a89,In dat geval moet de zorg of dienst in het betrokken vakgebied gelden als verantwoorde en adequate zorg.,In dat geval moet de zorg of dienst in het bettrokken vakgebied gelden als verantwoorde en adequate zorg.,yes,yes,yes,codex/gpt-6 (agent inspection; not native-speaker gold),Inspected original and edit; no additional source error identified. The injected spelling or agreement change is invalid in this context.
8c4a199c54a125b6e8dc268b,In 2011 heeft het College - toen nog Commissie Gelijke Behandeling - een grootschalig onderzoek naar gelijke beloning in de ziekenhuissector uitgevoerd.,In 2011 heeft het College - toen nog Commissie Gelijke Behandeling - een grootschalig onderzoek naar gelijke beloning in de ziekenhuissector uitgevoerrd.,yes,yes,yes,codex/gpt-6 (agent inspection; not native-speaker gold),Inspected original and edit; no additional source error identified. The injected spelling or agreement change is invalid in this context.
10c4b37744097d45da4f365c,Die ging door de gangen en ambtenaren konden er voor dertig cent een kopje koffie kopen.,Die ging door de gangen en ambteanren konden er voor dertig cent een kopje koffie kopen.,yes,yes,yes,codex/gpt-6 (agent inspection; not native-speaker gold),Inspected original and edit; no additional source error identified. The injected spelling or agreement change is invalid in this context.
186495e1b20a689a271cc548,"Als de belastingdeurwaarder beslag heeft gelegd, kunt u niet meer vrij over uw bezittingen beschikken.","Als de belastingdeurwaarder beslag heeft geleggd, kunt u niet meer vrij over uw bezittingen beschikken.",yes,yes,yes,codex/gpt-6 (agent inspection; not native-speaker gold),Inspected original and edit; no additional source error identified. The injected spelling or agreement change is invalid in this context.
b1c0535787029aa2a4a58d5d,"Diverse Nederlandse bedrijven, kennisinstellingen en de Nederlandse ambassade in Yangon helpt om de aardappelteelt in Myanmar een impuls te geven.","Diverse Nederlandse bedrijven, kennisinstellingen en de Nederlandse ambassade in Yangon heplt om de aardappelteelt in Myanmar een impuls te geven.",erroneous,yes,yes,codex/gpt-6 (agent inspection; not native-speaker gold),"The coordinated plural subject Diverse Nederlandse bedrijven, kennisinstellingen en de Nederlandse ambassade requires helpen, not helpt."
8585a2fd9b946949116bc1d1,"Afgezien van sommige alternatieve geneeswijzen, gaat het om beperkte aantallen geïnteresseerden met een doorgaans niet zo diepgaande betrokkenheid.","Afgezien van sommige alternatieve geneeswijzen, gaat het om beperkte aantallen geïnteresseerden met een doorgaans niet zo diepgaannde betrokkenheid.",yes,yes,yes,codex/gpt-6 (agent inspection; not native-speaker gold),Inspected original and edit; no additional source error identified. The injected spelling or agreement change is invalid in this context.
84ac9fb0002b4664e44da6a1,Daarom bevragen we onze collega's in de organisatie ook actief.,Daarom bevragen we onze collega's in het organisatie ook actief.,yes,yes,yes,codex/gpt-6 (agent inspection; not native-speaker gold),Inspected original and edit; no additional source error identified. The injected spelling or agreement change is invalid in this context.
63d7b860111597d9952deb34,De arts had de euthanatica op dat moment niet direct beschikbaar.,De arts had de euthanatica op dat moment niet direct beschikabar.,yes,yes,yes,codex/gpt-6 (agent inspection; not native-speaker gold),Inspected original and edit; no additional source error identified. The injected spelling or agreement change is invalid in this context.
35ea56c8e262553db67dfafb,Het pand heeft in de loop der jaren nauwelijks wijzigingen ondergaan.,Het pand heeft in de loop der jaren nauwelijks wijzigingen onedrgaan.,yes,yes,yes,codex/gpt-6 (agent inspection; not native-speaker gold),Inspected original and edit; no additional source error identified. The injected spelling or agreement change is invalid in this context.
6a97ba2a80555a11c68fc18d,"Regelmatig gebeurt dit op bouwland, maar omdat dit voor de kievit geen meerwaarde heeft, testen ze het nu uit op grasland.","Regelmatig gebeurt dit op bouwland, maar omdat dit voor de kievit geen meerwaarde heeft, tessten ze het nu uit op grasland.",yes,yes,yes,codex/gpt-6 (agent inspection; not native-speaker gold),Inspected original and edit; no additional source error identified. The injected spelling or agreement change is invalid in this context.
2173695c8853d23f8a54d923,Een zwangerschap zou voor veel vrouwen een feestje moeten zijn.,Een zwangerschap zou voor veel vrouwen een fesetje moeten zijn.,yes,yes,yes,codex/gpt-6 (agent inspection; not native-speaker gold),Inspected original and edit; no additional source error identified. The injected spelling or agreement change is invalid in this context.
6997419553c2c6c1ea4d68cd,Dat wordt hier in Rome gezien en gewaardeerd.,Dat wordt hier in Rome gezien en gewaarddeerd.,yes,yes,yes,codex/gpt-6 (agent inspection; not native-speaker gold),Inspected original and edit; no additional source error identified. The injected spelling or agreement change is invalid in this context.
b9c960c14256aae11786c3b8,"Amber zei nee, maar verstijfde en deed verder niks om hem te stoppen.","Amber zei nee, maar verstijfde en deed verder niks om hem te stpopen.",yes,yes,yes,codex/gpt-6 (agent inspection; not native-speaker gold),Inspected original and edit; no additional source error identified. The injected spelling or agreement change is invalid in this context.
06e70b7df217c40ce4266bab,"Ik schaamde me, niemand anders mocht dit ooit te weten komen.","Ik schamade me, niemand anders mocht dit ooit te weten komen.",yes,yes,yes,codex/gpt-6 (agent inspection; not native-speaker gold),Inspected original and edit; no additional source error identified. The injected spelling or agreement change is invalid in this context.
265dc9212306e85ae0e5b9f2,Dit volledige bedrag mag u gedurende deze 3 maanden van het totale bedrag aan beschikbare geldmiddelen aftrekken.,Dit volledige bedrag mag u gedurende deze 3 maanden van het totale bedrag aan beschikbare geldmiddelen atfrekken.,yes,yes,yes,codex/gpt-6 (agent inspection; not native-speaker gold),Inspected original and edit; no additional source error identified. The injected spelling or agreement change is invalid in this context.
a1d3a8bf41c79db86d4fed45,De optelsom van particuliere initiatieven staat aan de basis hiervan.,De optelsom van particuliere initiatieven staat aan de basis hirevan.,yes,yes,yes,codex/gpt-6 (agent inspection; not native-speaker gold),Inspected original and edit; no additional source error identified. The injected spelling or agreement change is invalid in this context.
73fe597cd4a4113d527f56b5,Dat geeft ons een goede uitgangspositie om de multilaterale samenwerking een impuls te geven.,Dat geeft ons een goede uitgangspositie om de multilaterale samenwerking een impuls te gveen.,yes,yes,yes,codex/gpt-6 (agent inspection; not native-speaker gold),Inspected original and edit; no additional source error identified. The injected spelling or agreement change is invalid in this context.
74994f4e24544bc83c6ba089,"We proberen integriteit echt in alle onderdelen van de organisatie zichtbaar te maken, zodat het een onderdeel wordt van het dagelijks handelen.","We proberen integriteit echt in alle onderdelen van het organisatie zichtbaar te maken, zodat het een onderdeel wordt van het dagelijks handelen.",yes,yes,yes,codex/gpt-6 (agent inspection; not native-speaker gold),Inspected original and edit; no additional source error identified. The injected spelling or agreement change is invalid in this context.
a5eadadaeeb9d13dd3d5b6b9,Hij vond dat tegelijk de kracht van deze aanpak.,Hij vond dat tegelijk de krachht van deze aanpak.,yes,yes,yes,codex/gpt-6 (agent inspection; not native-speaker gold),Inspected original and edit; no additional source error identified. The injected spelling or agreement change is invalid in this context.
389447a3806f033a85cad74d,Ook kan nog veel goed hoogland in Shan State bestemd worden voor de aardappelteelt.,Ook kan nog veel goed hoogalnd in Shan State bestemd worden voor de aardappelteelt.,yes,yes,yes,codex/gpt-6 (agent inspection; not native-speaker gold),Inspected original and edit; no additional source error identified. The injected spelling or agreement change is invalid in this context.
62969c7ac321aadf561c02a6,"Daarna zijn in de overgangsfase onderhandelingen over de toekomstige relatie tussen de EU en het VK gestart, die op 24 december 2020 zijn afgerond.","Daarna zijn in de overgangsfase onderhandelingen over de toekomstige relatie tussen de EU en het VK gesstart, die op 24 december 2020 zijn afgerond.",yes,yes,yes,codex/gpt-6 (agent inspection; not native-speaker gold),Inspected original and edit; no additional source error identified. The injected spelling or agreement change is invalid in this context.
6aeaa3ae49b46b3f237ffdd8,Deze verminderde bewijslast is door de wetgever ingevoerd omdat het voor een werknemer die denkt benadeeld te worden bijna onmogelijk is om te achterhalen of geslacht daar een rol bij heeft gespeeld.,Deze verminderde bewijslast is door de wetgever ingevoerd omdat het voor een werknemer die denkt benadeeld te worden bijnna onmogelijk is om te achterhalen of geslacht daar een rol bij heeft gespeeld.,yes,yes,yes,codex/gpt-6 (agent inspection; not native-speaker gold),Inspected original and edit; no additional source error identified. The injected spelling or agreement change is invalid in this context.
bfbbcc85983b285909f36d51,"Er is een houten balkenplafond, een eiken parketvloer en een schouw met antieke tegels, die in 1919 op deze wijze is ontworpen.","Er is een houten balkenplafond, een eiken parketvloer en een schouw met antieke tegels, die in 1919 op deze wjize is ontworpen.",yes,yes,yes,codex/gpt-6 (agent inspection; not native-speaker gold),Inspected original and edit; no additional source error identified. The injected spelling or agreement change is invalid in this context.
a5fa2793ad3de569d3ef8d01,"Daarna maakte ik de stap naar een multinational, waar heel veel reuring was.","Daarna maakte ik de stap naar een multinational, waar heel veel reurinng was.",yes,yes,yes,codex/gpt-6 (agent inspection; not native-speaker gold),Inspected original and edit; no additional source error identified. The injected spelling or agreement change is invalid in this context.
51eca84018337a41f4addb62,"Het beste zou zijn als de scholen weer opengaan, dan kunnen we weer veel meer doen.","Het beste zou zijn als de scholen weer oppengaan, dan kunnen we weer veel meer doen.",yes,yes,yes,codex/gpt-6 (agent inspection; not native-speaker gold),Inspected original and edit; no additional source error identified. The injected spelling or agreement change is invalid in this context.
54c985f8881af3dade06ab3b,"Dan heb ik het niet over het cognitief, dan heb ik het over sociaal-emotioneel.","Dan heb ik het niet over het coggnitief, dan heb ik het over sociaal-emotioneel.",uncertain,yes,yes,codex/gpt-6 (agent inspection; not native-speaker gold),het cognitief appears to truncate the nominal adjective het cognitieve; conversational ellipsis needs adjudication.
677f18254f84c0872e6fa8ed,"Om dat mogelijk te maken, lag het startpunt van de EU-missie bij de inrichting van de organisatie.","Om dat mogelijk te maken, lag het startpunt van de EU-missie bij de inrichting van het organisatie.",yes,yes,yes,codex/gpt-6 (agent inspection; not native-speaker gold),Inspected original and edit; no additional source error identified. The injected spelling or agreement change is invalid in this context.
f7b9a762e81961dd0f2f533c,"Het huis wordt daar omgeven door een terras, waarin op drie plaatsen bakstenen trappen naar de tuin zijn aangebracht.","De huis wordt daar omgeven door een terras, waarin op drie plaatsen bakstenen trappen naar de tuin zijn aangebracht.",yes,yes,yes,codex/gpt-6 (agent inspection; not native-speaker gold),Inspected original and edit; no additional source error identified. The injected spelling or agreement change is invalid in this context.
4c925324770ac59cf3af5ce0,"De asielzoekers volgen een verplicht, intensief dagprogramma met een gedragstraining.","Het asielzoekers volgen een verplicht, intensief dagprogramma met een gedragstraining.",yes,yes,yes,codex/gpt-6 (agent inspection; not native-speaker gold),Inspected original and edit; no additional source error identified. The injected spelling or agreement change is invalid in this context.
308747e41cf2fd835941eb68,De partijen in de luchtvaartsector laten zich anders uit over emissiereductie dan een paar jaar geleden.,Het partijen in de luchtvaartsector laten zich anders uit over emissiereductie dan een paar jaar geleden.,yes,yes,yes,codex/gpt-6 (agent inspection; not native-speaker gold),Inspected original and edit; no additional source error identified. The injected spelling or agreement change is invalid in this context.
e145be979b23a183432a6256,"De bunkers waar wij onze spullen in opslaan, mogen niet te vol komen.","Het bunkers waar wij onze spullen in opslaan, mogen niet te vol komen.",yes,yes,yes,codex/gpt-6 (agent inspection; not native-speaker gold),Inspected original and edit; no additional source error identified. The injected spelling or agreement change is invalid in this context.
7bb6916eedcfae4dffc4044a,De variaties staan los van door de mens veroorzaakte klimaatveranderingen.,Het variaties staan los van door de mens veroorzaakte klimaatveranderingen.,yes,yes,yes,codex/gpt-6 (agent inspection; not native-speaker gold),Inspected original and edit; no additional source error identified. The injected spelling or agreement change is invalid in this context.
8bcb28b8de63a57b9af2fdeb,De raad doet concrete voorstellen voor de uitvoering van dit systeem.,De raad doet concrete voorstellen voor de uitvoering van deze systeem.,yes,yes,yes,codex/gpt-6 (agent inspection; not native-speaker gold),Inspected original and edit; no additional source error identified. The injected spelling or agreement change is invalid in this context.
2c073f122325e8778725be66,"Ik heb een bijzondere tafel omdat onze districtsmanager Gesine Landman, en 2 andere belangrijke personen eraan zitten.","Ik heeft een bijzondere tafel omdat onze districtsmanager Gesine Landman, en 2 andere belangrijke personen eraan zitten.",yes,yes,yes,codex/gpt-6 (agent inspection; not native-speaker gold),Inspected original and edit; no additional source error identified. The injected spelling or agreement change is invalid in this context.
8f838679f45baa656d06f4af,We werken binnen Emissiehandel uiteindelijk met verschillende teams allemaal aan hetzelfde gezamenlijke doel.,We werkt binnen Emissiehandel uiteindelijk met verschillende teams allemaal aan hetzelfde gezamenlijke doel.,yes,yes,yes,codex/gpt-6 (agent inspection; not native-speaker gold),Inspected original and edit; no additional source error identified. The injected spelling or agreement change is invalid in this context.
a5ab3fbb97523a883adc2524,We moeten ons in Nederland voorbereiden op een behoorlijke toestroom Oekraïense ontheemden.,We moet ons in Nederland voorbereiden op een behoorlijke toestroom Oekraïense ontheemden.,yes,yes,yes,codex/gpt-6 (agent inspection; not native-speaker gold),Inspected original and edit; no additional source error identified. The injected spelling or agreement change is invalid in this context.
3c6133f8d525fd7fd1a40501,"We zijn hier bij Wolferen Sprok, maar ook in Limburg bij Heel en Beesel.","We is hier bij Wolferen Sprok, maar ook in Limburg bij Heel en Beesel.",yes,yes,yes,codex/gpt-6 (agent inspection; not native-speaker gold),Inspected original and edit; no additional source error identified. The injected spelling or agreement change is invalid in this context.
5ee566dea7a0f831b1714f0b,We moeten het zó maken dat ze er alles in kunnen doen.,We moet het zó maken dat ze er alles in kunnen doen.,yes,yes,yes,codex/gpt-6 (agent inspection; not native-speaker gold),Inspected original and edit; no additional source error identified. The injected spelling or agreement change is invalid in this context.
5636e5f5a1b39f5074da412d,Ik vind het supertof dat ik hier onderdeel van mag uitmaken.,Ik vindt het supertof dat ik hier onderdeel van mag uitmaken.,yes,yes,yes,codex/gpt-6 (agent inspection; not native-speaker gold),Inspected original and edit; no additional source error identified. The injected spelling or agreement change is invalid in this context.
fc44b7ec318c49210832e979,"Ik vind Nederland en de gemeentes niet echt altijd even toegankelijk, nee.","Ik vindt Nederland en de gemeentes niet echt altijd even toegankelijk, nee.",yes,yes,yes,codex/gpt-6 (agent inspection; not native-speaker gold),Inspected original and edit; no additional source error identified. The injected spelling or agreement change is invalid in this context.
c42d3792ae0f88fa32734a64,"Ik vind ook wel een mooi, mooi voorbeeld van die datacenters en de hoeveelheid daarvan.","Ik vindt ook wel een mooi, mooi voorbeeld van die datacenters en de hoeveelheid daarvan.",yes,yes,yes,codex/gpt-6 (agent inspection; not native-speaker gold),Inspected original and edit; no additional source error identified. The injected spelling or agreement change is invalid in this context.
9d9a420ded023bee0002c9cf,Ik vind dat preventie ook veel meer onderdeel moet worden van de zorg.,Ik vindt dat preventie ook veel meer onderdeel moet worden van de zorg.,yes,yes,yes,codex/gpt-6 (agent inspection; not native-speaker gold),Inspected original and edit; no additional source error identified. The injected spelling or agreement change is invalid in this context.
a6826fba8096c905a32a3ffe,"Ik vind het belangrijk omdat je dan je stem kan laten horen, op wie je stemt.","Ik vindt het belangrijk omdat je dan je stem kan laten horen, op wie je stemt.",yes,yes,yes,codex/gpt-6 (agent inspection; not native-speaker gold),Inspected original and edit; no additional source error identified. The injected spelling or agreement change is invalid in this context.
